Email,Name,CreditScore,CreditLines,MaskedPhoneNumber
user1@example.com,Amaya Snow,686,2,***-***-8075
user2@example.com,Caroline Olson,597,4,***-***-1018
user3@example.com,Grace Mcbride,519,4,***-***-3326
user4@example.com,Everly Mcintyre,528,3,***-***-6490
user5@example.com,George Garcia,550,5,***-***-2533
user6@example.com,Emerson Hardin,565,1,***-***-5382
user7@example.com,Eleanor Stevens,758,1,***-***-7754
user8@example.com,Oscar Henry,715,1,***-***-6827
user9@example.com,Jade Murphy,755,5,***-***-5855
user10@example.com,Frank Ballard,800,4,***-***-2861
user11@example.com,Olivia Gutierrez,527,4,***-***-4860
user12@example.com,Lillian Miller,737,4,***-***-1397
user13@example.com,Aspen Gonzalez,735,3,***-***-1067
user14@example.com,Piper Suarez,799,5,***-***-6099
user15@example.com,Nora Kelley,548,4,***-***-5951
user16@example.com,Finley York,773,2,***-***-2137
user17@example.com,Aurora Simon,596,1,***-***-4255
user18@example.com,Zoe Harrington,701,4,***-***-0175
user19@example.com,Jade Spencer,619,4,***-***-7506
user20@example.com,Sophia Hutchinson,757,3,***-***-8055
user21@example.com,Hazel Gray,683,1,***-***-2399
user22@example.com,Josie Walker,626,2,***-***-1350
user23@example.com,Amaya Terry,790,2,***-***-9813
user24@example.com,Finley Schmidt,756,2,***-***-6367
user25@example.com,Mila Harper,559,2,***-***-5508
user26@example.com,Henry Cantu,790,1,***-***-5888
user27@example.com,Nathan Henry,540,4,***-***-4602
user28@example.com,Michelle Mcintosh,569,1,***-***-3363
user29@example.com,Sam Page,631,5,***-***-6677
user30@example.com,Aleah Elliott,713,2,***-***-7592
user31@example.com,Ivy Mclaughlin,591,1,***-***-3226
user32@example.com,Hazel Avila,843,3,***-***-9549
user33@example.com,Liam Shepherd,734,1,***-***-2660
user34@example.com,Ursula Mcintyre,837,3,***-***-1998
user35@example.com,Sloane Jefferson,669,4,***-***-5496
user36@example.com,Arianna Galvan,578,2,***-***-1853
user37@example.com,Alivia Chapman,709,4,***-***-0941
user38@example.com,Isla Oliver,846,3,***-***-9805
user39@example.com,Arianna Summers,839,5,***-***-1286
user40@example.com,Joy Kirby,640,1,***-***-5809
user41@example.com,Yvonne Wolf,734,1,***-***-9398
user42@example.com,Zara Mcconnell,839,3,***-***-6297
user43@example.com,Samantha Yates,632,5,***-***-7051
user44@example.com,Ivy Collier,515,3,***-***-9254
user45@example.com,Anna Becker,627,2,***-***-5652
user46@example.com,Remi Marks,672,4,***-***-8873
user47@example.com,Alice Singleton,758,2,***-***-4774
user48@example.com,Ellie Leon,774,1,***-***-2834
user49@example.com,Delilah Hoover,710,2,***-***-2205
user50@example.com,Delilah Yoder,777,2,***-***-1028
user51@example.com,Mila Craig,559,5,***-***-2476
user52@example.com,Logan Love,772,3,***-***-1870
user53@example.com,Valentina Richard,747,2,***-***-1696
user54@example.com,Ella Moody,782,5,***-***-0152
user55@example.com,Sofia Leblanc,517,5,***-***-6805
user56@example.com,Madison Dougherty,804,2,***-***-1681
user57@example.com,Xavier Pitts,840,5,***-***-1058
user58@example.com,Naomi Summers,822,3,***-***-0609
user59@example.com,Layla Crawford,737,2,***-***-8442
user60@example.com,Everly Baxter,733,2,***-***-1123
user61@example.com,Leo Wright,516,3,***-***-9087
user62@example.com,Charleigh Bean,543,5,***-***-1998
user63@example.com,Fiona Ayers,785,3,***-***-2990
user64@example.com,Charleigh Simpson,546,5,***-***-5389
user65@example.com,Nora Lindsey,669,4,***-***-8405
user66@example.com,Caleb Mcdowell,549,4,***-***-7958
user67@example.com,Emory Tran,615,5,***-***-9623
user68@example.com,Samantha Cervantes,768,4,***-***-9210
user69@example.com,Faith Bryant,762,1,***-***-3951
user70@example.com,Samantha Livingston,806,5,***-***-6253
user71@example.com,James Santiago,767,1,***-***-1283
user72@example.com,Paul Olson,550,2,***-***-2102
user73@example.com,Aliyah Castaneda,599,1,***-***-2368
user74@example.com,Walter Camacho,690,5,***-***-6466
user75@example.com,Ruby Wong,526,5,***-***-5621
user76@example.com,Arya Golden,547,1,***-***-4833
user77@example.com,Isla Warner,649,5,***-***-2039
user78@example.com,Uma Diaz,808,4,***-***-2015
user79@example.com,Caroline House,578,5,***-***-4792
user80@example.com,Samantha Soto,698,5,***-***-7295
user81@example.com,Tara Welch,682,4,***-***-8428
user82@example.com,Everly Lyons,823,5,***-***-5837
user83@example.com,Serenity Sandoval,795,1,***-***-3002
user84@example.com,Emily Macias,578,4,***-***-3151
user85@example.com,Eleanor Weaver,655,4,***-***-6263
user86@example.com,Caroline Lam,632,4,***-***-2526
user87@example.com,Aria Ruiz,723,4,***-***-1872
user88@example.com,Logan Clay,786,5,***-***-6547
user89@example.com,Savannah Holloway,828,3,***-***-4282
user90@example.com,Caroline Contreras,737,5,***-***-5772
user91@example.com,Natalia Lowe,729,2,***-***-8394
user92@example.com,Jade Jensen,721,4,***-***-6311
user93@example.com,Charlie Oconnor,509,5,***-***-3167
user94@example.com,Ruby Sawyer,602,1,***-***-3937
user95@example.com,Ariana Chandler,577,2,***-***-3689
user96@example.com,Hannah Douglas,664,1,***-***-7258
user97@example.com,Natalia Brock,631,1,***-***-2182
user98@example.com,Hazel Hurst,751,5,***-***-4889
user99@example.com,Nina York,596,3,***-***-1518
user100@example.com,Aspen Williamson,742,5,***-***-4669
user101@example.com,Mia Sloan,506,3,***-***-8298
user102@example.com,Nova Dodson,562,2,***-***-2904
user103@example.com,Brielle Mcguire,668,3,***-***-8516
user104@example.com,Sadie Leach,809,2,***-***-0476
user105@example.com,Winter Manning,569,3,***-***-8708
user106@example.com,Nora Hicks,703,4,***-***-9916
user107@example.com,Aliyah Sweeney,505,4,***-***-7986
user108@example.com,Violet Frank,580,1,***-***-1982
user109@example.com,Natalia Hahn,704,2,***-***-1784
user110@example.com,Ian Flowers,637,4,***-***-4734
user111@example.com,Nevaeh Robbins,673,4,***-***-4903
user112@example.com,Hannah Mcclain,570,3,***-***-2351
user113@example.com,Kara Noble,676,1,***-***-0872
user114@example.com,Sabrina Odonnell,777,5,***-***-4971
user115@example.com,James Todd,841,3,***-***-0369
user116@example.com,Avery Medina,820,1,***-***-4179
user117@example.com,Catherine Macias,578,4,***-***-5335
user118@example.com,Claire Palmer,748,5,***-***-1353
user119@example.com,Mila Gates,696,1,***-***-3091
user120@example.com,Hope Salazar,621,3,***-***-2070
user121@example.com,Xenia Giles,715,2,***-***-2671
user122@example.com,Logan Brady,620,5,***-***-7034
user123@example.com,Zoe Olsen,818,4,***-***-5950
user124@example.com,Yara Garcia,578,3,***-***-4957
user125@example.com,Naomi Hutchinson,832,1,***-***-8146
user126@example.com,Elliana Merritt,674,4,***-***-3427
user127@example.com,Faith Winters,737,2,***-***-7496
user128@example.com,Alina Wiggins,600,3,***-***-0819
user129@example.com,Madison Fernandez,770,4,***-***-1422
user130@example.com,Teagan Cummings,747,2,***-***-2412
user131@example.com,Elise Oliver,578,3,***-***-4791
user132@example.com,Bob Orozco,770,1,***-***-5363
user133@example.com,Logan Franco,756,5,***-***-3651
user134@example.com,Paisley Romero,800,2,***-***-9074
user135@example.com,Ian Prince,717,3,***-***-3913
user136@example.com,Everly Wilcox,835,5,***-***-9508
user137@example.com,Nina Kirby,744,3,***-***-8167
user138@example.com,Vivienne Gonzalez,609,1,***-***-6501
user139@example.com,Yara Moon,579,2,***-***-0918
user140@example.com,Victor Guerra,594,3,***-***-6298
user141@example.com,Angelina Reese,741,5,***-***-2595
user142@example.com,Diana Bond,538,5,***-***-8449
user143@example.com,Mia Greer,610,1,***-***-7799
user144@example.com,Jane Keith,674,1,***-***-8050
user145@example.com,Owen Barnes,598,5,***-***-9715
user146@example.com,Everleigh Holloway,547,5,***-***-0728
user147@example.com,Presley Frazier,697,5,***-***-0782
user148@example.com,Ruby Contreras,811,2,***-***-7542
user149@example.com,Ariana Lyons,732,1,***-***-4610
user150@example.com,Emory Estrada,540,1,***-***-6123
user151@example.com,Aubrey Reeves,645,3,***-***-2364
user152@example.com,Adeline Larson,701,2,***-***-1708
user153@example.com,Elise Shepherd,560,5,***-***-1333
user154@example.com,Sophia Shaw,837,1,***-***-5064
user155@example.com,Emory Sloan,726,5,***-***-4034
user156@example.com,Trent Valenzuela,771,1,***-***-1878
user157@example.com,Madison Wells,549,5,***-***-4499
user158@example.com,Amelia Shannon,801,5,***-***-8042
user159@example.com,Nevaeh Duran,784,4,***-***-3882
user160@example.com,Claire Keller,600,5,***-***-9339
user161@example.com,Natalia Tate,781,2,***-***-3215
user162@example.com,Sloane Jones,703,5,***-***-1851
user163@example.com,Caroline Banks,583,3,***-***-1805
user164@example.com,Remi Ayers,633,3,***-***-4261
user165@example.com,Arya Soto,807,4,***-***-8283
user166@example.com,Rachel Rodgers,580,3,***-***-0885
user167@example.com,David Reid,594,2,***-***-2249
user168@example.com,Brooklyn Harvey,767,3,***-***-9635
user169@example.com,Aurora Leon,726,4,***-***-5345
user170@example.com,Willow Hunter,754,5,***-***-3305
user171@example.com,Nevaeh Atkins,545,4,***-***-0411
user172@example.com,Elijah Valencia,767,1,***-***-8503
user173@example.com,Zach Conrad,614,4,***-***-6916
user174@example.com,Juliana Gentry,627,2,***-***-6888
user175@example.com,Hope Carlson,550,4,***-***-0936
user176@example.com,Liam Wheeler,599,3,***-***-9128
user177@example.com,Sadie Dean,729,2,***-***-9693
user178@example.com,Frank Villarreal,686,5,***-***-4440
user179@example.com,Emerson Myers,509,4,***-***-5851
user180@example.com,Logan Obrien,752,5,***-***-0778
user181@example.com,Valeria Turner,808,5,***-***-8272
user182@example.com,Wren Chavez,700,3,***-***-2713
user183@example.com,Zara Norton,586,4,***-***-8162
user184@example.com,Bailey Sherman,708,3,***-***-1462
user185@example.com,Rylee Luna,575,1,***-***-3050
user186@example.com,Michelle Pham,544,1,***-***-6502
user187@example.com,Daisy Maxwell,761,5,***-***-2989
user188@example.com,Bob Raymond,710,3,***-***-2100
user189@example.com,Madison Hogan,644,5,***-***-0820
user190@example.com,Samantha Bautista,623,3,***-***-1065
user191@example.com,Lucy Rogers,848,5,***-***-3556
user192@example.com,Elise Cummings,786,5,***-***-5977
user193@example.com,Bailey Hill,716,5,***-***-1842
user194@example.com,Paul Ellison,660,5,***-***-1538
user195@example.com,Wren Bond,776,2,***-***-7083
user196@example.com,Nora Buck,730,1,***-***-6198
user197@example.com,Sabrina Jacobson,797,4,***-***-5535
user198@example.com,Diana Gillespie,825,4,***-***-1934
user199@example.com,Aurora Griffith,682,2,***-***-1003
user200@example.com,Lucas Stark,781,3,***-***-1447
